"draft_id","material_id","candidate_question","knowledge_category","audience","priority","source_path","conversion_path","processing_action","extract_scope","extraction_status","needs_manual_review","notes"
"REX-20260323-0001","MAT-20260323-0001","新生入学后学籍注册与信息核对的标准流程是什么？","入学与学籍","全体学生","P0","数据库部分材料/数据库部分材料/学生手册.md","knowledge-base\raw\first-batch-processing\converted\markdown\MAT-20260323-0001__学生手册.md","提炼规则后入库","仅抽取稳定规则，模板正文保留附件","ready_p0","否","来自学生手册拆分问题"
"REX-20260323-0002","MAT-20260323-0001","学生申请奖助学金时需要满足哪些条件并准备哪些材料？","奖助贷补","全体学生","P0","数据库部分材料/数据库部分材料/学生手册.md","knowledge-base\raw\first-batch-processing\converted\markdown\MAT-20260323-0001__学生手册.md","提炼规则后入库","仅抽取稳定规则，模板正文保留附件","ready_p0","否","来自学生手册拆分问题"
"REX-20260323-0006","MAT-20260323-0002","新生如何核对教育在线中的学籍信息与班级实际情况？","入学与学籍","新生","P0","数据库部分材料/数据库部分材料/2025年工作/2025下-25级新生工作/2025年学籍注册/附件1：教育在线学生信息与班级实际情况核对方法.doc","knowledge-base\raw\first-batch-processing\converted\markdown\MAT-20260323-0002__附件1：教育在线学生信息与班级实际情况核对方法.md","可转知识","抽取条件、流程、材料、时限、注意事项","ready_p0","否","DOC重试已成功"
"REX-20260323-0007","MAT-20260323-0003","学信网学籍注册信息应如何核对，常见错误怎么处理？","入学与学籍","新生","P0","数据库部分材料/数据库部分材料/2025年工作/2025下-25级新生工作/2025年学籍注册/附件5：学信网学籍注册信息核对方法指南.doc","knowledge-base\raw\first-batch-processing\converted\markdown\MAT-20260323-0003__附件5：学信网学籍注册信息核对方法指南.md","可转知识","抽取条件、流程、材料、时限、注意事项","ready_p0","否","DOC重试已成功"
"REX-20260323-0008","MAT-20260323-0004","2025级新生入学资格复查要准备什么、按什么流程办理？","入学与学籍","新生","P0","数据库部分材料/数据库部分材料/2025年工作/2025下-25级新生工作/9.10 2025级新生入学资格复查/通知.docx","knowledge-base\raw\first-batch-processing\converted\markdown\MAT-20260323-0004__通知.md","可转知识","抽取条件、流程、材料、时限、注意事项","ready_p0","否",""
"REX-20260323-0009","MAT-20260323-0005","家庭经济困难认定与助学金评审的时间和条件是什么？","奖助贷补","新生","P0","数据库部分材料/数据库部分材料/2025年工作/2025下-25级新生工作/2025秋家庭经济困难认定+助学金评审/通知.docx","knowledge-base\raw\first-batch-processing\converted\markdown\MAT-20260323-0005__通知.md","可转知识","抽取条件、流程、材料、时限、注意事项","ready_p0","否",""
"REX-20260323-0010","MAT-20260323-0006","助学金评审在一网通办系统里如何操作？","奖助贷补","学生","P0","数据库部分材料/数据库部分材料/2025年工作/2025下-25级新生工作/2025秋家庭经济困难认定+助学金评审/助学金评审一网通办操作说明.docx","knowledge-base\raw\first-batch-processing\converted\markdown\MAT-20260323-0006__助学金评审一网通办操作说明.md","可转知识","抽取条件、流程、材料、时限、注意事项","ready_p0","否",""
"REX-20260323-0011","MAT-20260323-0008","秋季学期勤工助学岗位申报有哪些流程和节点？","奖助贷补","全体学生","P0","数据库部分材料/数据库部分材料/2025年工作/2025下-25级新生工作/9.11 2025年秋季学期勤工助学通知/202503勤工助学岗位申报通知0905.docx","knowledge-base\raw\first-batch-processing\converted\markdown\MAT-20260323-0008__202503勤工助学岗位申报通知0905.md","可转知识","抽取条件、流程、材料、时限、注意事项","ready_p0","否",""
"REX-20260323-0012","MAT-20260323-0009","新生心理健康测评的时间安排和测评要求是什么？","心理与测评","新生","P0","数据库部分材料/数据库部分材料/2025年工作/2025下-25级新生工作/2025级心理测评/2025年新生心理测评材料/1.【通知】2025年中国大学生心理健康测评系统测评工作通知.pdf","knowledge-base\raw\first-batch-processing\converted\pdf\MAT-20260323-0009","可转知识","抽取条件、流程、材料、时限、注意事项","ready_p0","否",""
"REX-20260323-0013","MAT-20260323-0010","学生端心理测评系统从登录到提交应如何操作？","心理与测评","学生","P0","数据库部分材料/数据库部分材料/2025年工作/2025下-25级新生工作/2025级心理测评/2025年新生心理测评材料/3.【学生】中国大学生心理健康测评系统操作手册.pdf","knowledge-base\raw\first-batch-processing\converted\pdf\MAT-20260323-0010","可转知识","抽取条件、流程、材料、时限、注意事项","ready_p0","否",""
"REX-20260323-0014","MAT-20260323-0011","心理测评平台常见问题有哪些、分别如何解决？","心理与测评","学生","P0","数据库部分材料/数据库部分材料/2025年工作/2025下-25级新生工作/2025级心理测评/2025年新生心理测评材料/4.心理测评平台常见问题.pdf","knowledge-base\raw\first-batch-processing\converted\pdf\MAT-20260323-0011","可转知识","抽取条件、流程、材料、时限、注意事项","ready_p0","否",""
"REX-20260323-0015","MAT-20260323-0012","校园卡丢失后如何补卡、多久可以恢复使用？","证件与校园服务","全体学生","P0","数据库部分材料/数据库部分材料/模板/校园卡补卡指南.pdf","knowledge-base\raw\first-batch-processing\converted\pdf\MAT-20260323-0012","可转知识","抽取条件、流程、材料、时限、注意事项","ready_p0","否",""
"REX-20260323-0016","MAT-20260323-0013","第二课堂成绩单实施办法中的学分与认定规则是什么？","竞赛与第二课堂","全体学生","P0","数据库部分材料/数据库部分材料/模板/山东第一医科大学（山东省医学科学院）“第二课堂成绩单”实施办法.pdf","knowledge-base\raw\first-batch-processing\converted\pdf\MAT-20260323-0013","可转知识","抽取条件、流程、材料、时限、注意事项","ready_p0","否",""
"REX-20260323-0017","MAT-20260323-0014","第二课堂录入流程中学生端和管理员端分别怎么操作？","竞赛与第二课堂","学生","P0","数据库部分材料/数据库部分材料/模板/第二课堂激活/第二课堂录入操作流程.docx","knowledge-base\raw\first-batch-processing\converted\markdown\MAT-20260323-0014__第二课堂录入操作流程.md","可转知识","抽取条件、流程、材料、时限、注意事项","ready_p0","是","时效待确认需复核"
"REX-20260323-0018","MAT-20260323-0015","毕业离校手续有哪些环节，办理顺序是什么？","就业与毕业","毕业生","P0","数据库部分材料/数据库部分材料/2025年工作/2025上-21级毕业工作/2025届毕业离校通知.docx","knowledge-base\raw\first-batch-processing\converted\markdown\MAT-20260323-0015__2025届毕业离校通知.md","可转知识","抽取条件、流程、材料、时限、注意事项","ready_p0","否",""
"REX-20260323-0021","MAT-20260323-0020","毕业生档案去向核对应注意哪些信息和时间节点？","就业与毕业","毕业生","P0","数据库部分材料/数据库部分材料/2025年工作/2025上-21级毕业工作/档案去向核对/档案信息核对确认 注意事项.docx","knowledge-base\raw\first-batch-processing\converted\markdown\MAT-20260323-0020__档案信息核对确认 注意事项.md","可转知识","抽取条件、流程、材料、时限、注意事项","ready_p0","否",""
"REX-20260323-0003","MAT-20260323-0001","心理测评的参与对象、时间节点和异常处理方式是什么？","心理与测评","全体学生","P1","数据库部分材料/数据库部分材料/学生手册.md","knowledge-base\raw\first-batch-processing\converted\markdown\MAT-20260323-0001__学生手册.md","提炼规则后入库","仅抽取稳定规则，模板正文保留附件","ready_p1","否","来自学生手册8.14与8.16章节"
"REX-20260323-0004","MAT-20260323-0001","校园卡或学生证补办的办理渠道、时限和注意事项是什么？","证件与校园服务","全体学生","P1","数据库部分材料/数据库部分材料/学生手册.md","knowledge-base\raw\first-batch-processing\converted\markdown\MAT-20260323-0001__学生手册.md","提炼规则后入库","仅抽取稳定规则，模板正文保留附件","ready_p1","否","来自学生手册8.13章节"
"REX-20260323-0005","MAT-20260323-0001","第二课堂成绩单相关认定、录入与查询规则有哪些？","竞赛与第二课堂","全体学生","P1","数据库部分材料/数据库部分材料/学生手册.md","knowledge-base\raw\first-batch-processing\converted\markdown\MAT-20260323-0001__学生手册.md","提炼规则后入库","仅抽取稳定规则，模板正文保留附件","ready_p1","否","来自学生手册10.6.11章节"
"REX-20260323-0019","MAT-20260323-0018","毕业证和学位证代领需要满足哪些条件并提交哪些材料？","就业与毕业","毕业生","P1","数据库部分材料/数据库部分材料/2025年工作/2025上-21级毕业工作/毕业证和学位证代领委托书.docx","knowledge-base\raw\first-batch-processing\converted\markdown\MAT-20260323-0018__毕业证和学位证代领委托书.md","提炼规则后入库","仅抽取稳定规则，模板正文保留附件","ready_p1","否","模板材料仅提炼稳定规则"
"REX-20260323-0020","MAT-20260323-0019","毕业生应征入伍可享受哪些政策，办理路径是什么？","就业与毕业","毕业生","P1","数据库部分材料/数据库部分材料/2025年工作/2025上-21级毕业工作/征兵政策/毕业生应征入伍政策解读.pdf","knowledge-base\raw\first-batch-processing\converted\pdf\MAT-20260323-0019","提炼规则后入库","仅抽取稳定规则，模板正文保留附件","ready_p1","是","政策数值需按年度公告复核"
"REX-20260324-0024","MAT-20260324-0023","附件4入学资格审查和录取资格复查登记表（纸质版已收齐 备案） 应如何填写、提交与归档？","入学与学籍","新生","P1","数据库部分材料/数据库部分材料/2025年工作/2025下-25级新生工作/9.10 2025级新生入学资格复查/附件4入学资格审查和录取资格复查登记表（纸质版已收齐 备案）.docx","knowledge-base\raw\first-batch-processing\converted\markdown\MAT-20260324-0023__附件4入学资格审查和录取资格复查登记表（纸质版已收齐 备案）.md","可转知识","抽取条件、流程、材料、时限、注意事项","ready_p1","否","第二批扩量自动抽取"
"REX-20260324-0025","MAT-20260324-0024","附件3：（     学院）国家助学金申请表 应如何填写、提交与归档？","奖助贷补","新生","P1","数据库部分材料/数据库部分材料/2025年工作/2025下-25级新生工作/2025秋家庭经济困难认定+助学金评审/2025-2026学年国家助学金评审工作通知/附件3：（     学院）国家助学金申请表.docx","knowledge-base\raw\first-batch-processing\converted\markdown\MAT-20260324-0024__附件3：（     学院）国家助学金申请表.md","可转知识","抽取条件、流程、材料、时限、注意事项","ready_p1","否","第二批扩量自动抽取"
"REX-20260324-0026","MAT-20260324-0025","附件4：本专科生国家助学金实施细则 的评审或执行规则有哪些？","奖助贷补","新生","P1","数据库部分材料/数据库部分材料/2025年工作/2025下-25级新生工作/2025秋家庭经济困难认定+助学金评审/2025-2026学年国家助学金评审工作通知/附件4：本专科生国家助学金实施细则.docx","knowledge-base\raw\first-batch-processing\converted\markdown\MAT-20260324-0025__附件4：本专科生国家助学金实施细则.md","可转知识","抽取条件、流程、材料、时限、注意事项","ready_p1","否","第二批扩量自动抽取"
"REX-20260324-0027","MAT-20260324-0026","关于做好2024-2025学年本科生国家助学金评选工作的通知 的办理条件、时间节点和执行流程是什么？","奖助贷补","新生","P1","数据库部分材料/数据库部分材料/2025年工作/2025下-25级新生工作/2025秋家庭经济困难认定+助学金评审/2025-2026学年国家助学金评审工作通知/关于做好2024-2025学年本科生国家助学金评选工作的通知.docx","knowledge-base\raw\first-batch-processing\converted\markdown\MAT-20260324-0026__关于做好2024-2025学年本科生国家助学金评选工作的通知.md","可转知识","抽取条件、流程、材料、时限、注意事项","ready_p1","否","第二批扩量自动抽取"
"REX-20260324-0028","MAT-20260324-0027","附件2：一网通办系统学生申请操作说明 的标准操作步骤和注意事项是什么？","奖助贷补","新生","P1","数据库部分材料/数据库部分材料/2025年工作/2025下-25级新生工作/2025秋家庭经济困难认定+助学金评审/家庭经济困难认定工作通知/附件/附件2：一网通办系统学生申请操作说明.docx","knowledge-base\raw\first-batch-processing\converted\markdown\MAT-20260324-0027__附件2：一网通办系统学生申请操作说明.md","可转知识","抽取条件、流程、材料、时限、注意事项","ready_p1","否","第二批扩量自动抽取"
"REX-20260324-0029","MAT-20260324-0028","关于开展2025-2026学年家庭经济困难认定的通知 的办理条件、时间节点和执行流程是什么？","奖助贷补","新生","P1","数据库部分材料/数据库部分材料/2025年工作/2025下-25级新生工作/2025秋家庭经济困难认定+助学金评审/家庭经济困难认定工作通知/关于开展2025-2026学年家庭经济困难认定的通知.docx","knowledge-base\raw\first-batch-processing\converted\markdown\MAT-20260324-0028__关于开展2025-2026学年家庭经济困难认定的通知.md","可转知识","抽取条件、流程、材料、时限、注意事项","ready_p1","否","第二批扩量自动抽取"
"REX-20260324-0030","MAT-20260324-0029","学院、班级一网通办操作说明 的标准操作步骤和注意事项是什么？","奖助贷补","新生","P1","数据库部分材料/数据库部分材料/2025年工作/2025下-25级新生工作/2025秋家庭经济困难认定+助学金评审/学院、班级一网通办操作说明.docx","knowledge-base\raw\first-batch-processing\converted\markdown\MAT-20260324-0029__学院、班级一网通办操作说明.md","可转知识","抽取条件、流程、材料、时限、注意事项","ready_p1","否","第二批扩量自动抽取"
"REX-20260324-0045","MAT-20260324-0044","毕业生登记表 应如何填写、提交与归档？","就业与毕业","毕业生","P1","数据库部分材料/数据库部分材料/2025年工作/2025上-21级毕业工作/毕业生登记表.docx","knowledge-base\raw\first-batch-processing\converted\markdown\MAT-20260324-0044__毕业生登记表.md","可转知识","抽取条件、流程、材料、时限、注意事项","ready_p1","否","第二批扩量自动抽取"
"REX-20260324-0046","MAT-20260324-0045","高校毕业生档案转递单功能操作手册 的标准操作步骤和注意事项是什么？","就业与毕业","毕业生","P1","数据库部分材料/数据库部分材料/2025年工作/2025上-21级毕业工作/档案去向核对/档案转递/高校毕业生档案转递单功能操作手册.docx","knowledge-base\raw\first-batch-processing\converted\markdown\MAT-20260324-0045__高校毕业生档案转递单功能操作手册.md","可转知识","抽取条件、流程、材料、时限、注意事项","ready_p1","否","第二批扩量自动抽取"
"REX-20260324-0047","MAT-20260324-0046","关于进一步做好离校前后校（院）2025届困难群体高校毕业生就业帮扶工作的通知 的办理条件、时间节点和执行流程是什么？","就业与毕业","毕业生","P1","数据库部分材料/数据库部分材料/2025年工作/2025上-21级毕业工作/就业活动通知/关于进一步做好离校前后校（院）2025届困难群体高校毕业生就业帮扶工作的通知.docx","knowledge-base\raw\first-batch-processing\converted\markdown\MAT-20260324-0046__关于进一步做好离校前后校（院）2025届困难群体高校毕业生就业帮扶工作的通知.md","可转知识","抽取条件、流程、材料、时限、注意事项","ready_p1","否","第二批扩量自动抽取"
"REX-20260324-0048","MAT-20260324-0047","关于开展校（院）2025届毕业生就业“百日冲刺”行动的通知 的办理条件、时间节点和执行流程是什么？","就业与毕业","毕业生","P1","数据库部分材料/数据库部分材料/2025年工作/2025上-21级毕业工作/就业活动通知/关于开展校（院）2025届毕业生就业“百日冲刺”行动的通知.docx","knowledge-base\raw\first-batch-processing\converted\markdown\MAT-20260324-0047__关于开展校（院）2025届毕业生就业“百日冲刺”行动的通知.md","可转知识","抽取条件、流程、材料、时限、注意事项","ready_p1","否","第二批扩量自动抽取"
"REX-20260324-0049","MAT-20260324-0048","关于开展校（院）2025年毕业生就业政策宣传月活动的通知 的办理条件、时间节点和执行流程是什么？","就业与毕业","毕业生","P1","数据库部分材料/数据库部分材料/2025年工作/2025上-21级毕业工作/就业活动通知/关于开展校（院）2025年毕业生就业政策宣传月活动的通知.docx","knowledge-base\raw\first-batch-processing\converted\markdown\MAT-20260324-0048__关于开展校（院）2025年毕业生就业政策宣传月活动的通知.md","可转知识","抽取条件、流程、材料、时限、注意事项","ready_p1","否","第二批扩量自动抽取"
"REX-20260324-0050","MAT-20260324-0049","智慧团建团支部转出步骤 的标准操作步骤和注意事项是什么？","就业与毕业","新生","P1","数据库部分材料/数据库部分材料/2025年工作/2025下-25级新生工作/2025级毕业生团关系转出/智慧团建团支部转出步骤.docx","knowledge-base\raw\first-batch-processing\converted\markdown\MAT-20260324-0049__智慧团建团支部转出步骤.md","可转知识","抽取条件、流程、材料、时限、注意事项","ready_p1","否","第二批扩量自动抽取"
"REX-20260324-0053","MAT-20260324-0052","附件2：免予执行《国家学生体质健康标准》申请表 应如何填写、提交与归档？","事务申请与审批","新生","P1","数据库部分材料/数据库部分材料/2025年工作/2025下-25级新生工作/2025年秋季学期泰安校区2024级、2025级学生体质健康测试通知材料/附件2：免予执行《国家学生体质健康标准》申请表.docx","knowledge-base\raw\first-batch-processing\converted\markdown\MAT-20260324-0052__附件2：免予执行《国家学生体质健康标准》申请表.md","可转知识","抽取条件、流程、材料、时限、注意事项","ready_p1","否","第二批扩量自动抽取"
"REX-20260324-0054","MAT-20260324-0053","外媒采访报备 涉及的办理规则与执行要求是什么？","事务申请与审批","新生","P1","数据库部分材料/数据库部分材料/2025年工作/2025下-25级新生工作/HRU大赛2025/外媒采访报备.docx","knowledge-base\raw\first-batch-processing\converted\markdown\MAT-20260324-0053__外媒采访报备.md","可转知识","抽取条件、流程、材料、时限、注意事项","ready_p1","否","第二批扩量自动抽取"
"REX-20260324-0056","MAT-20260324-0055","通知 的办理条件、时间节点和执行流程是什么？","奖助贷补","新生","P1","数据库部分材料/数据库部分材料/2025年工作/2025下-25级新生工作/2025年 院级优秀评选/通知.docx","knowledge-base\raw\first-batch-processing\converted\markdown\MAT-20260324-0055__通知.md","可转知识","抽取条件、流程、材料、时限、注意事项","ready_p1","否","第二批扩量自动抽取"
"REX-20260324-0057","MAT-20260324-0056","附件5：体质健康测试承诺书 应如何填写、提交与归档？","事务申请与审批","新生","P1","数据库部分材料/数据库部分材料/2025年工作/2025下-25级新生工作/2025年秋季学期泰安校区2024级、2025级学生体质健康测试通知材料/附件5：体质健康测试承诺书.docx","knowledge-base\raw\first-batch-processing\converted\markdown\MAT-20260324-0056__附件5：体质健康测试承诺书.md","可转知识","抽取条件、流程、材料、时限、注意事项","ready_p1","否","第二批扩量自动抽取"
"REX-20260324-0058","MAT-20260324-0057","2025 外研社校赛通知（总） 的办理条件、时间节点和执行流程是什么？","竞赛与第二课堂","新生","P1","数据库部分材料/数据库部分材料/2025年工作/2025下-25级新生工作/2025外研社比赛/2025 外研社校赛通知（总）.docx","knowledge-base\raw\first-batch-processing\converted\markdown\MAT-20260324-0057__2025 外研社校赛通知（总）.md","可转知识","抽取条件、流程、材料、时限、注意事项","ready_p1","否","第二批扩量自动抽取"
"REX-20260324-0059","MAT-20260324-0058","校（院）关于组织参加第十届全省学生“学宪法讲宪法”活动省级比赛的通知 的办理条件、时间节点和执行流程是什么？","竞赛与第二课堂","新生","P1","数据库部分材料/数据库部分材料/2025年工作/2025下-25级新生工作/2025学宪法讲宪法活动/比赛活动/校（院）关于组织参加第十届全省学生“学宪法讲宪法”活动省级比赛的通知.docx","knowledge-base\raw\first-batch-processing\converted\markdown\MAT-20260324-0058__校（院）关于组织参加第十届全省学生“学宪法讲宪法”活动省级比赛的通知.md","可转知识","抽取条件、流程、材料、时限、注意事项","ready_p1","否","第二批扩量自动抽取"
"REX-20260324-0060","MAT-20260324-0059","关于组织参加“宪法卫士”2025年行动计划的通知 的办理条件、时间节点和执行流程是什么？","竞赛与第二课堂","新生","P1","数据库部分材料/数据库部分材料/2025年工作/2025下-25级新生工作/2025学宪法讲宪法活动/宪法卫士/关于组织参加“宪法卫士”2025年行动计划的通知.docx","knowledge-base\raw\first-batch-processing\converted\markdown\MAT-20260324-0059__关于组织参加“宪法卫士”2025年行动计划的通知.md","可转知识","抽取条件、流程、材料、时限、注意事项","ready_p1","否","第二批扩量自动抽取"
"REX-20260324-0061","MAT-20260324-0060","停保流程 涉及的办理规则与执行要求是什么？","证件与校园服务","新生","P1","数据库部分材料/数据库部分材料/2025年工作/2025下-25级新生工作/2026年大学生医保/停保流程.docx","knowledge-base\raw\first-batch-processing\converted\markdown\MAT-20260324-0060__停保流程.md","可转知识","抽取条件、流程、材料、时限、注意事项","ready_p1","否","第二批扩量自动抽取"
"REX-20260324-0062","MAT-20260324-0061","关于做好2026元旦假期学生安全教育管理工作的通知(1) 的办理条件、时间节点和执行流程是什么？","事务申请与审批","新生","P1","数据库部分材料/数据库部分材料/2025年工作/2025下-25级新生工作/2026元旦假期离返校统计/关于做好2026元旦假期学生安全教育管理工作的通知(1).docx","knowledge-base\raw\first-batch-processing\converted\markdown\MAT-20260324-0061__关于做好2026元旦假期学生安全教育管理工作的通知(1).md","可转知识","抽取条件、流程、材料、时限、注意事项","ready_p1","否","第二批扩量自动抽取"
"REX-20260324-0063","MAT-20260324-0062","医药管理学院2023级新生家长见面会流程稿 涉及的办理规则与执行要求是什么？","入学与学籍","新生","P1","数据库部分材料/数据库部分材料/2025年工作/2025下-25级新生工作/8.29 2025级家校交流会/医药管理学院2023级新生家长见面会流程稿.docx","knowledge-base\raw\first-batch-processing\converted\markdown\MAT-20260324-0062__医药管理学院2023级新生家长见面会流程稿.md","可转知识","抽取条件、流程、材料、时限、注意事项","ready_p1","否","第二批扩量自动抽取"
"REX-20260323-0022","MAT-20260323-0021","助学金评审通知模板中哪些规则可沉淀为通用知识？","奖助贷补","全体学生","P2","数据库部分材料/数据库部分材料/模板/奖学金、助学金通知/2025秋家庭经济困难认定+助学金评审/通知.docx","knowledge-base\raw\first-batch-processing\converted\markdown\MAT-20260323-0021__通知.md","提炼规则后入库","仅抽取稳定规则，模板正文保留附件","ready_p2","是","模板平行版本需与MAT-20260323-0005主参考互校"
"REX-20260323-0023","MAT-20260323-0022","一网通办助学金申请模板中的关键填写规则有哪些？","奖助贷补","学生","P2","数据库部分材料/数据库部分材料/模板/奖学金、助学金通知/2025秋家庭经济困难认定+助学金评审/助学金评审一网通办操作说明.docx","knowledge-base\raw\first-batch-processing\converted\markdown\MAT-20260323-0022__助学金评审一网通办操作说明.md","提炼规则后入库","仅抽取稳定规则，模板正文保留附件","ready_p2","是","模板平行版本需与MAT-20260323-0006主参考互校"
"REX-20260324-0031","MAT-20260324-0030","附件2：山东第一医科大学（山东省医学科学院）本专科生国家和省政府奖学金实施细则 的评审或执行规则有哪些？","奖助贷补","全体学生","P2","数据库部分材料/数据库部分材料/模板/奖学金、助学金通知/2024-2025学年本科生省政府奖学金评选工作的通知/附件2：山东第一医科大学（山东省医学科学院）本专科生国家和省政府奖学金实施细则.docx","knowledge-base\raw\first-batch-processing\converted\markdown\MAT-20260324-0030__附件2：山东第一医科大学（山东省医学科学院）本专科生国家和省政府奖学金实施细则.md","提炼规则后入库","仅抽取稳定规则，模板正文保留附件","ready_p2","是","第二批扩量自动抽取"
"REX-20260324-0032","MAT-20260324-0031","关于做好2024-2025学年本科生省政府奖学金评选工作的通知 的办理条件、时间节点和执行流程是什么？","奖助贷补","全体学生","P2","数据库部分材料/数据库部分材料/模板/奖学金、助学金通知/2024-2025学年本科生省政府奖学金评选工作的通知/关于做好2024-2025学年本科生省政府奖学金评选工作的通知.docx","knowledge-base\raw\first-batch-processing\converted\markdown\MAT-20260324-0031__关于做好2024-2025学年本科生省政府奖学金评选工作的通知.md","提炼规则后入库","仅抽取稳定规则，模板正文保留附件","ready_p2","是","第二批扩量自动抽取"
"REX-20260324-0033","MAT-20260324-0032","附件2：山东第一医科大学（山东省医学科学院）本专科生国家和省政府奖学金实施细则 的评审或执行规则有哪些？","奖助贷补","全体学生","P2","数据库部分材料/数据库部分材料/模板/奖学金、助学金通知/2024-2025学年国家奖学金评选通知/附件2：山东第一医科大学（山东省医学科学院）本专科生国家和省政府奖学金实施细则.docx","knowledge-base\raw\first-batch-processing\converted\markdown\MAT-20260324-0032__附件2：山东第一医科大学（山东省医学科学院）本专科生国家和省政府奖学金实施细则.md","提炼规则后入库","仅抽取稳定规则，模板正文保留附件","ready_p2","是","第二批扩量自动抽取"
"REX-20260324-0034","MAT-20260324-0033","关于做好2024-2025学年本科生国家奖学金评选工作的通知 的办理条件、时间节点和执行流程是什么？","奖助贷补","全体学生","P2","数据库部分材料/数据库部分材料/模板/奖学金、助学金通知/2024-2025学年国家奖学金评选通知/关于做好2024-2025学年本科生国家奖学金评选工作的通知.docx","knowledge-base\raw\first-batch-processing\converted\markdown\MAT-20260324-0033__关于做好2024-2025学年本科生国家奖学金评选工作的通知.md","提炼规则后入库","仅抽取稳定规则，模板正文保留附件","ready_p2","是","第二批扩量自动抽取"
"REX-20260324-0035","MAT-20260324-0034","2024-2025学年本科生国家励志奖学金、省政府励志奖学金评审工作的通知 的办理条件、时间节点和执行流程是什么？","奖助贷补","全体学生","P2","数据库部分材料/数据库部分材料/模板/奖学金、助学金通知/2024-2025学年励志奖学金评审通知/2024-2025学年本科生国家励志奖学金、省政府励志奖学金评审工作的通知.docx","knowledge-base\raw\first-batch-processing\converted\markdown\MAT-20260324-0034__2024-2025学年本科生国家励志奖学金、省政府励志奖学金评审工作的通知.md","提炼规则后入库","仅抽取稳定规则，模板正文保留附件","ready_p2","是","第二批扩量自动抽取"
"REX-20260324-0036","MAT-20260324-0035","励志奖学金审核要点 的评审或执行规则有哪些？","奖助贷补","全体学生","P2","数据库部分材料/数据库部分材料/模板/奖学金、助学金通知/2024-2025学年励志奖学金评审通知/励志奖学金审核要点.docx","knowledge-base\raw\first-batch-processing\converted\markdown\MAT-20260324-0035__励志奖学金审核要点.md","提炼规则后入库","仅抽取稳定规则，模板正文保留附件","ready_p2","是","第二批扩量自动抽取"
"REX-20260324-0037","MAT-20260324-0036","附件3：（     学院）国家助学金申请表 应如何填写、提交与归档？","奖助贷补","全体学生","P2","数据库部分材料/数据库部分材料/模板/奖学金、助学金通知/2025秋家庭经济困难认定+助学金评审/2025-2026学年国家助学金评审工作通知/附件3：（     学院）国家助学金申请表.docx","knowledge-base\raw\first-batch-processing\converted\markdown\MAT-20260324-0036__附件3：（     学院）国家助学金申请表.md","提炼规则后入库","仅抽取稳定规则，模板正文保留附件","ready_p2","是","第二批扩量自动抽取"
"REX-20260324-0038","MAT-20260324-0037","附件4：本专科生国家助学金实施细则 的评审或执行规则有哪些？","奖助贷补","全体学生","P2","数据库部分材料/数据库部分材料/模板/奖学金、助学金通知/2025秋家庭经济困难认定+助学金评审/2025-2026学年国家助学金评审工作通知/附件4：本专科生国家助学金实施细则.docx","knowledge-base\raw\first-batch-processing\converted\markdown\MAT-20260324-0037__附件4：本专科生国家助学金实施细则.md","提炼规则后入库","仅抽取稳定规则，模板正文保留附件","ready_p2","是","第二批扩量自动抽取"
"REX-20260324-0039","MAT-20260324-0038","关于做好2024-2025学年本科生国家助学金评选工作的通知 的办理条件、时间节点和执行流程是什么？","奖助贷补","全体学生","P2","数据库部分材料/数据库部分材料/模板/奖学金、助学金通知/2025秋家庭经济困难认定+助学金评审/2025-2026学年国家助学金评审工作通知/关于做好2024-2025学年本科生国家助学金评选工作的通知.docx","knowledge-base\raw\first-batch-processing\converted\markdown\MAT-20260324-0038__关于做好2024-2025学年本科生国家助学金评选工作的通知.md","提炼规则后入库","仅抽取稳定规则，模板正文保留附件","ready_p2","是","第二批扩量自动抽取"
"REX-20260324-0040","MAT-20260324-0039","附件2：一网通办系统学生申请操作说明 的标准操作步骤和注意事项是什么？","奖助贷补","学生","P2","数据库部分材料/数据库部分材料/模板/奖学金、助学金通知/2025秋家庭经济困难认定+助学金评审/附件2：一网通办系统学生申请操作说明.docx","knowledge-base\raw\first-batch-processing\converted\markdown\MAT-20260324-0039__附件2：一网通办系统学生申请操作说明.md","提炼规则后入库","仅抽取稳定规则，模板正文保留附件","ready_p2","是","第二批扩量自动抽取"
"REX-20260324-0041","MAT-20260324-0040","附件2：一网通办系统学生申请操作说明 的标准操作步骤和注意事项是什么？","奖助贷补","学生","P2","数据库部分材料/数据库部分材料/模板/奖学金、助学金通知/2025秋家庭经济困难认定+助学金评审/家庭经济困难认定工作通知/附件/附件2：一网通办系统学生申请操作说明.docx","knowledge-base\raw\first-batch-processing\converted\markdown\MAT-20260324-0040__附件2：一网通办系统学生申请操作说明.md","提炼规则后入库","仅抽取稳定规则，模板正文保留附件","ready_p2","是","第二批扩量自动抽取"
"REX-20260324-0042","MAT-20260324-0041","关于开展2025-2026学年家庭经济困难认定的通知 的办理条件、时间节点和执行流程是什么？","奖助贷补","全体学生","P2","数据库部分材料/数据库部分材料/模板/奖学金、助学金通知/2025秋家庭经济困难认定+助学金评审/家庭经济困难认定工作通知/关于开展2025-2026学年家庭经济困难认定的通知.docx","knowledge-base\raw\first-batch-processing\converted\markdown\MAT-20260324-0041__关于开展2025-2026学年家庭经济困难认定的通知.md","提炼规则后入库","仅抽取稳定规则，模板正文保留附件","ready_p2","是","第二批扩量自动抽取"
"REX-20260324-0043","MAT-20260324-0042","学院、班级一网通办操作说明 的标准操作步骤和注意事项是什么？","奖助贷补","全体学生","P2","数据库部分材料/数据库部分材料/模板/奖学金、助学金通知/2025秋家庭经济困难认定+助学金评审/学院、班级一网通办操作说明.docx","knowledge-base\raw\first-batch-processing\converted\markdown\MAT-20260324-0042__学院、班级一网通办操作说明.md","提炼规则后入库","仅抽取稳定规则，模板正文保留附件","ready_p2","是","第二批扩量自动抽取"
"REX-20260324-0044","MAT-20260324-0043","关于评选2024-2025学年校级综合奖学金的通知 的办理条件、时间节点和执行流程是什么？","奖助贷补","全体学生","P2","数据库部分材料/数据库部分材料/模板/奖学金、助学金通知/2025校级奖学金/关于评选2024-2025学年校级综合奖学金的通知.docx","knowledge-base\raw\first-batch-processing\converted\markdown\MAT-20260324-0043__关于评选2024-2025学年校级综合奖学金的通知.md","提炼规则后入库","仅抽取稳定规则，模板正文保留附件","ready_p2","是","第二批扩量自动抽取"
"REX-20260324-0051","MAT-20260324-0050","医药管理学院2025-2026学年学生综合素质测评办法（暂行） 的评审或执行规则有哪些？","心理与测评","学生","P2","数据库部分材料/数据库部分材料/模板/医药管理学院2025-2026学年学生综合素质测评办法（暂行）.docx","knowledge-base\raw\first-batch-processing\converted\markdown\MAT-20260324-0050__医药管理学院2025-2026学年学生综合素质测评办法（暂行）.md","提炼规则后入库","仅抽取稳定规则，模板正文保留附件","ready_p2","是","第二批扩量自动抽取"
"REX-20260324-0052","MAT-20260324-0051","学生考试结束申请留校住宿家长知情同意书 应如何填写、提交与归档？","证件与校园服务","学生","P2","数据库部分材料/数据库部分材料/模板/学生考试结束申请留校住宿家长知情同意书.docx","knowledge-base\raw\first-batch-processing\converted\markdown\MAT-20260324-0051__学生考试结束申请留校住宿家长知情同意书.md","提炼规则后入库","仅抽取稳定规则，模板正文保留附件","ready_p2","是","涉及承诺/申请文书口径，需学院人工复核后发布"
"REX-20260324-0055","MAT-20260324-0054","入团申请书的要求 涉及的办理规则与执行要求是什么？","事务申请与审批","全体学生","P2","数据库部分材料/数据库部分材料/模板/入团申请书的要求.docx","knowledge-base\raw\first-batch-processing\converted\markdown\MAT-20260324-0054__入团申请书的要求.md","提炼规则后入库","仅抽取稳定规则，模板正文保留附件","ready_p2","是","涉及承诺/申请文书口径，需学院人工复核后发布"
